NewsPage,agent_001
NewsPage,agent_007
NewsPage,agent_016
NewsPage,agent_025
NewsPage,agent_051
NewsPage,agent_072
NewsPage,agent_099
agent_000,agent_009
agent_000,agent_014
agent_000,agent_023
agent_000,agent_034
agent_000,agent_038
agent_000,agent_043
agent_000,agent_056
agent_000,agent_061
agent_000,agent_069
agent_000,agent_076
agent_000,agent_077
agent_000,agent_082
agent_000,agent_092
agent_000,agent_098
agent_001,agent_004
agent_001,agent_005
agent_001,agent_007
agent_001,agent_016
agent_001,agent_028
agent_001,agent_034
agent_001,agent_036
agent_001,agent_037
agent_001,agent_068
agent_001,agent_076
agent_001,agent_082
agent_001,agent_091
agent_001,agent_092
agent_002,agent_008
agent_002,agent_011
agent_002,agent_017
agent_002,agent_025
agent_002,agent_027
agent_002,agent_028
agent_002,agent_036
agent_002,agent_042
agent_002,agent_079
agent_002,agent_083
agent_002,agent_087
agent_002,agent_089
agent_003,agent_004
agent_003,agent_023
agent_003,agent_024
agent_003,agent_059
agent_003,agent_065
agent_004,agent_016
agent_004,agent_017
agent_004,agent_022
agent_004,agent_034
agent_004,agent_035
agent_004,agent_044
agent_004,agent_051
agent_004,agent_060
agent_004,agent_062
agent_004,agent_072
agent_004,agent_080
agent_004,agent_089
agent_004,agent_093
agent_004,agent_095
agent_005,agent_020
agent_005,agent_025
agent_005,agent_032
agent_005,agent_039
agent_005,agent_048
agent_005,agent_049
agent_005,agent_081
agent_005,agent_086
agent_005,agent_099
agent_006,agent_004
agent_006,agent_012
agent_006,agent_025
agent_006,agent_051
agent_006,agent_052
agent_006,agent_067
agent_006,agent_068
agent_006,agent_085
agent_007,NewsPage
agent_007,agent_005
agent_007,agent_022
agent_007,agent_038
agent_007,agent_064
agent_007,agent_078
agent_007,agent_081
agent_007,agent_090
agent_008,agent_045
agent_008,agent_050
agent_008,agent_062
agent_008,agent_079
agent_009,agent_004
agent_009,agent_017
agent_009,agent_020
agent_009,agent_046
agent_009,agent_049
agent_009,agent_051
agent_009,agent_061
agent_009,agent_067
agent_009,agent_075
agent_009,agent_077
agent_009,agent_080
agent_009,agent_082
agent_010,agent_003
agent_010,agent_004
agent_010,agent_021
agent_010,agent_024
agent_010,agent_027
agent_010,agent_033
agent_010,agent_047
agent_010,agent_078
agent_010,agent_093
agent_011,agent_010
agent_011,agent_045
agent_011,agent_046
agent_011,agent_055
agent_011,agent_063
agent_011,agent_065
agent_011,agent_069
agent_011,agent_075
agent_011,agent_092
agent_011,agent_095
agent_011,agent_096
agent_012,agent_002
agent_012,agent_004
agent_012,agent_009
agent_012,agent_010
agent_012,agent_015
agent_012,agent_023
agent_012,agent_036
agent_012,agent_044
agent_012,agent_053
agent_012,agent_057
agent_012,agent_064
agent_012,agent_073
agent_012,agent_075
agent_012,agent_081
agent_012,agent_091
agent_012,agent_095
agent_013,agent_048
agent_013,agent_061
agent_013,agent_066
agent_013,agent_073
agent_013,agent_085
agent_014,agent_018
agent_014,agent_027
agent_014,agent_047
agent_014,agent_067
agent_014,agent_069
agent_014,agent_079
agent_014,agent_080
agent_014,agent_096
agent_015,agent_021
agent_015,agent_032
agent_015,agent_052
agent_015,agent_059
agent_015,agent_066
agent_015,agent_079
agent_015,agent_080
agent_015,agent_086
agent_016,agent_005
agent_016,agent_010
agent_016,agent_017
agent_016,agent_030
agent_016,agent_039
agent_016,agent_048
agent_016,agent_061
agent_016,agent_080
agent_016,agent_081
agent_016,agent_083
agent_016,agent_084
agent_016,agent_091
agent_017,agent_003
agent_017,agent_007
agent_017,agent_008
agent_017,agent_030
agent_017,agent_033
agent_017,agent_036
agent_017,agent_048
agent_017,agent_064
agent_017,agent_072
agent_017,agent_078
agent_017,agent_091
agent_017,agent_098
agent_018,agent_005
agent_018,agent_008
agent_018,agent_015
agent_018,agent_016
agent_018,agent_020
agent_018,agent_032
agent_018,agent_050
agent_018,agent_053
agent_018,agent_060
agent_018,agent_068
agent_018,agent_079
agent_018,agent_080
agent_018,agent_087
agent_018,agent_093
agent_019,NewsPage
agent_019,agent_005
agent_019,agent_028
agent_019,agent_039
agent_019,agent_052
agent_019,agent_063
agent_019,agent_067
agent_019,agent_075
agent_020,agent_009
agent_020,agent_023
agent_020,agent_030
agent_020,agent_033
agent_020,agent_047
agent_020,agent_052
agent_020,agent_058
agent_020,agent_062
agent_020,agent_076
agent_020,agent_086
agent_020,agent_089
agent_020,agent_095
agent_021,agent_004
agent_021,agent_007
agent_021,agent_022
agent_021,agent_046
agent_021,agent_072
agent_021,agent_077
agent_021,agent_084
agent_021,agent_090
agent_022,agent_012
agent_022,agent_026
agent_022,agent_047
agent_022,agent_050
agent_022,agent_054
agent_022,agent_077
agent_022,agent_099
agent_023,agent_013
agent_023,agent_021
agent_023,agent_035
agent_023,agent_041
agent_023,agent_056
agent_023,agent_063
agent_023,agent_069
agent_023,agent_072
agent_024,agent_007
agent_024,agent_011
agent_024,agent_015
agent_024,agent_044
agent_024,agent_049
agent_024,agent_055
agent_024,agent_064
agent_024,agent_066
agent_024,agent_071
agent_024,agent_073
agent_024,agent_081
agent_024,agent_094
agent_025,agent_003
agent_025,agent_011
agent_025,agent_024
agent_025,agent_034
agent_025,agent_040
agent_025,agent_044
agent_025,agent_060
agent_025,agent_061
agent_025,agent_070
agent_025,agent_087
agent_026,agent_011
agent_026,agent_067
agent_026,agent_079
agent_026,agent_098
agent_027,agent_029
agent_027,agent_040
agent_027,agent_044
agent_027,agent_055
agent_027,agent_074
agent_027,agent_082
agent_027,agent_083
agent_027,agent_099
agent_028,NewsPage
agent_028,agent_008
agent_028,agent_016
agent_028,agent_021
agent_028,agent_044
agent_028,agent_068
agent_028,agent_069
agent_028,agent_087
agent_029,agent_007
agent_029,agent_008
agent_029,agent_009
agent_029,agent_011
agent_029,agent_047
agent_029,agent_049
agent_029,agent_055
agent_029,agent_081
agent_029,agent_096
agent_029,agent_097
agent_030,agent_000
agent_030,agent_002
agent_030,agent_008
agent_030,agent_012
agent_030,agent_037
agent_030,agent_040
agent_030,agent_053
agent_030,agent_063
agent_030,agent_076
agent_031,agent_013
agent_031,agent_014
agent_031,agent_018
agent_031,agent_020
agent_031,agent_021
agent_031,agent_037
agent_031,agent_042
agent_031,agent_044
agent_031,agent_053
agent_031,agent_054
agent_031,agent_068
agent_031,agent_085
agent_031,agent_087
agent_031,agent_095
agent_031,agent_098
agent_032,agent_000
agent_032,agent_025
agent_032,agent_039
agent_032,agent_051
agent_032,agent_072
agent_032,agent_093
agent_033,agent_002
agent_033,agent_026
agent_033,agent_042
agent_033,agent_047
agent_033,agent_050
agent_033,agent_053
agent_033,agent_056
agent_033,agent_067
agent_033,agent_093
agent_033,agent_098
agent_034,agent_001
agent_034,agent_005
agent_034,agent_033
agent_034,agent_035
agent_034,agent_054
agent_034,agent_056
agent_034,agent_068
agent_034,agent_078
agent_034,agent_094
agent_034,agent_095
agent_035,NewsPage
agent_035,agent_001
agent_035,agent_006
agent_035,agent_034
agent_035,agent_040
agent_035,agent_044
agent_035,agent_060
agent_035,agent_066
agent_035,agent_075
agent_035,agent_080
agent_035,agent_082
agent_035,agent_090
agent_035,agent_091
agent_035,agent_095
agent_036,agent_044
agent_036,agent_052
agent_036,agent_059
agent_036,agent_074
agent_036,agent_075
agent_036,agent_085
agent_036,agent_089
agent_036,agent_094
agent_037,agent_003
agent_037,agent_005
agent_037,agent_007
agent_037,agent_019
agent_037,agent_023
agent_037,agent_029
agent_037,agent_036
agent_037,agent_044
agent_037,agent_049
agent_037,agent_053
agent_037,agent_063
agent_037,agent_066
agent_037,agent_071
agent_037,agent_073
agent_037,agent_079
agent_037,agent_085
agent_037,agent_093
agent_038,agent_009
agent_038,agent_015
agent_038,agent_079
agent_038,agent_081
agent_038,agent_087
agent_038,agent_096
agent_039,agent_008
agent_039,agent_016
agent_039,agent_024
agent_039,agent_080
agent_039,agent_086
agent_039,agent_093
agent_039,agent_096
agent_040,agent_001
agent_040,agent_013
agent_040,agent_017
agent_040,agent_052
agent_040,agent_053
agent_040,agent_063
agent_040,agent_070
agent_040,agent_075
agent_041,agent_002
agent_041,agent_013
agent_041,agent_026
agent_041,agent_045
agent_041,agent_049
agent_041,agent_051
agent_041,agent_066
agent_041,agent_076
agent_041,agent_084
agent_042,agent_018
agent_042,agent_049
agent_042,agent_059
agent_042,agent_066
agent_042,agent_071
agent_042,agent_087
agent_042,agent_088
agent_042,agent_095
agent_043,agent_017
agent_043,agent_018
agent_043,agent_023
agent_043,agent_057
agent_043,agent_059
agent_043,agent_063
agent_043,agent_067
agent_043,agent_078
agent_043,agent_083
agent_043,agent_086
agent_043,agent_091
agent_043,agent_098
agent_044,agent_010
agent_044,agent_037
agent_044,agent_043
agent_044,agent_053
agent_044,agent_067
agent_044,agent_068
agent_044,agent_074
agent_044,agent_075
agent_045,agent_001
agent_045,agent_005
agent_045,agent_021
agent_045,agent_042
agent_045,agent_054
agent_045,agent_057
agent_045,agent_062
agent_045,agent_069
agent_045,agent_077
agent_045,agent_084
agent_045,agent_085
agent_045,agent_087
agent_045,agent_097
agent_046,agent_001
agent_046,agent_005
agent_046,agent_037
agent_046,agent_038
agent_046,agent_042
agent_046,agent_044
agent_046,agent_047
agent_046,agent_060
agent_046,agent_067
agent_046,agent_071
agent_046,agent_086
agent_046,agent_093
agent_047,agent_008
agent_047,agent_027
agent_047,agent_041
agent_047,agent_058
agent_047,agent_060
agent_047,agent_063
agent_047,agent_071
agent_047,agent_077
agent_047,agent_083
agent_047,agent_093
agent_047,agent_096
agent_048,agent_002
agent_048,agent_005
agent_048,agent_015
agent_048,agent_032
agent_048,agent_046
agent_048,agent_050
agent_048,agent_069
agent_048,agent_090
agent_049,agent_002
agent_049,agent_008
agent_049,agent_021
agent_049,agent_044
agent_049,agent_045
agent_049,agent_052
agent_049,agent_056
agent_049,agent_072
agent_049,agent_084
agent_049,agent_089
agent_049,agent_092
agent_050,agent_002
agent_050,agent_008
agent_050,agent_009
agent_050,agent_023
agent_050,agent_036
agent_050,agent_052
agent_050,agent_061
agent_050,agent_064
agent_050,agent_083
agent_050,agent_095
agent_051,agent_002
agent_051,agent_005
agent_051,agent_008
agent_051,agent_012
agent_051,agent_015
agent_051,agent_024
agent_051,agent_034
agent_051,agent_036
agent_051,agent_043
agent_051,agent_065
agent_051,agent_077
agent_051,agent_087
agent_051,agent_094
agent_052,agent_019
agent_052,agent_020
agent_052,agent_021
agent_052,agent_028
agent_052,agent_029
agent_052,agent_041
agent_052,agent_048
agent_052,agent_073
agent_052,agent_074
agent_052,agent_078
agent_052,agent_081
agent_052,agent_090
agent_052,agent_093
agent_053,agent_021
agent_053,agent_026
agent_053,agent_028
agent_053,agent_030
agent_053,agent_046
agent_053,agent_071
agent_053,agent_087
agent_053,agent_097
agent_053,agent_099
agent_054,agent_005
agent_054,agent_045
agent_054,agent_068
agent_054,agent_078
agent_054,agent_096
agent_054,agent_097
agent_055,agent_004
agent_055,agent_039
agent_055,agent_072
agent_055,agent_081
agent_055,agent_082
agent_055,agent_091
agent_056,agent_008
agent_056,agent_028
agent_056,agent_031
agent_056,agent_037
agent_056,agent_045
agent_056,agent_059
agent_056,agent_063
agent_056,agent_071
agent_056,agent_077
agent_056,agent_087
agent_056,agent_090
agent_056,agent_091
agent_056,agent_098
agent_057,agent_024
agent_057,agent_043
agent_057,agent_044
agent_057,agent_045
agent_057,agent_048
agent_057,agent_053
agent_057,agent_061
agent_057,agent_078
agent_057,agent_095
agent_057,agent_097
agent_058,agent_009
agent_058,agent_020
agent_058,agent_021
agent_058,agent_041
agent_058,agent_049
agent_058,agent_083
agent_058,agent_084
agent_058,agent_090
agent_058,agent_091
agent_058,agent_099
agent_059,agent_016
agent_059,agent_026
agent_059,agent_038
agent_059,agent_054
agent_059,agent_056
agent_059,agent_060
agent_059,agent_064
agent_059,agent_069
agent_059,agent_081
agent_059,agent_097
agent_060,agent_003
agent_060,agent_008
agent_060,agent_016
agent_060,agent_020
agent_060,agent_046
agent_060,agent_049
agent_060,agent_050
agent_060,agent_085
agent_060,agent_094
agent_061,agent_038
agent_061,agent_046
agent_061,agent_055
agent_061,agent_057
agent_061,agent_065
agent_061,agent_069
agent_061,agent_075
agent_061,agent_076
agent_061,agent_091
agent_062,agent_005
agent_062,agent_016
agent_062,agent_021
agent_062,agent_031
agent_062,agent_054
agent_062,agent_057
agent_062,agent_069
agent_062,agent_070
agent_062,agent_081
agent_062,agent_086
agent_062,agent_090
agent_063,agent_011
agent_063,agent_013
agent_063,agent_030
agent_063,agent_044
agent_063,agent_046
agent_063,agent_048
agent_063,agent_052
agent_063,agent_057
agent_063,agent_068
agent_063,agent_077
agent_063,agent_078
agent_063,agent_079
agent_063,agent_082
agent_063,agent_088
agent_063,agent_093
agent_063,agent_098
agent_064,agent_010
agent_064,agent_021
agent_064,agent_033
agent_064,agent_036
agent_064,agent_058
agent_064,agent_060
agent_064,agent_074
agent_064,agent_075
agent_064,agent_081
agent_064,agent_082
agent_064,agent_090
agent_064,agent_093
agent_065,agent_007
agent_065,agent_017
agent_065,agent_023
agent_065,agent_030
agent_065,agent_033
agent_065,agent_049
agent_065,agent_061
agent_065,agent_078
agent_065,agent_084
agent_065,agent_085
agent_065,agent_086
agent_066,NewsPage
agent_066,agent_032
agent_066,agent_042
agent_066,agent_061
agent_066,agent_064
agent_066,agent_069
agent_066,agent_074
agent_066,agent_075
agent_066,agent_084
agent_066,agent_098
agent_067,NewsPage
agent_067,agent_039
agent_067,agent_047
agent_067,agent_054
agent_067,agent_060
agent_067,agent_069
agent_067,agent_074
agent_067,agent_080
agent_067,agent_091
agent_067,agent_092
agent_067,agent_098
agent_068,agent_025
agent_068,agent_029
agent_068,agent_067
agent_068,agent_073
agent_068,agent_086
agent_069,NewsPage
agent_069,agent_001
agent_069,agent_006
agent_069,agent_011
agent_069,agent_023
agent_069,agent_033
agent_069,agent_046
agent_069,agent_051
agent_069,agent_063
agent_069,agent_081
agent_069,agent_094
agent_070,agent_013
agent_070,agent_024
agent_070,agent_025
agent_070,agent_039
agent_070,agent_057
agent_070,agent_059
agent_070,agent_062
agent_070,agent_064
agent_070,agent_080
agent_071,agent_002
agent_071,agent_004
agent_071,agent_011
agent_071,agent_040
agent_071,agent_055
agent_071,agent_073
agent_071,agent_074
agent_071,agent_083
agent_071,agent_084
agent_072,agent_025
agent_072,agent_061
agent_072,agent_071
agent_072,agent_075
agent_072,agent_082
agent_072,agent_099
agent_073,agent_002
agent_073,agent_013
agent_073,agent_014
agent_073,agent_019
agent_073,agent_043
agent_073,agent_050
agent_073,agent_064
agent_073,agent_077
agent_073,agent_082
agent_073,agent_087
agent_074,NewsPage
agent_074,agent_001
agent_074,agent_005
agent_074,agent_012
agent_074,agent_040
agent_074,agent_046
agent_074,agent_067
agent_074,agent_068
agent_074,agent_072
agent_075,agent_006
agent_075,agent_029
agent_075,agent_037
agent_075,agent_043
agent_075,agent_066
agent_075,agent_089
agent_076,agent_021
agent_076,agent_026
agent_076,agent_027
agent_076,agent_042
agent_076,agent_043
agent_076,agent_044
agent_076,agent_054
agent_076,agent_055
agent_076,agent_078
agent_076,agent_085
agent_076,agent_097
agent_077,agent_000
agent_077,agent_004
agent_077,agent_033
agent_077,agent_035
agent_077,agent_045
agent_077,agent_049
agent_077,agent_056
agent_077,agent_086
agent_077,agent_094
agent_077,agent_099
agent_078,NewsPage
agent_078,agent_009
agent_078,agent_013
agent_078,agent_015
agent_078,agent_018
agent_078,agent_032
agent_078,agent_043
agent_078,agent_080
agent_078,agent_081
agent_078,agent_090
agent_078,agent_094
agent_079,agent_019
agent_079,agent_021
agent_079,agent_025
agent_079,agent_037
agent_079,agent_042
agent_079,agent_047
agent_079,agent_050
agent_079,agent_052
agent_079,agent_053
agent_079,agent_069
agent_079,agent_072
agent_080,agent_004
agent_080,agent_007
agent_080,agent_010
agent_080,agent_016
agent_080,agent_022
agent_080,agent_025
agent_080,agent_034
agent_080,agent_048
agent_080,agent_071
agent_080,agent_082
agent_080,agent_083
agent_080,agent_089
agent_081,NewsPage
agent_081,agent_019
agent_081,agent_024
agent_081,agent_027
agent_081,agent_032
agent_081,agent_045
agent_081,agent_050
agent_081,agent_057
agent_081,agent_063
agent_081,agent_064
agent_081,agent_073
agent_081,agent_088
agent_081,agent_091
agent_082,agent_007
agent_082,agent_013
agent_082,agent_024
agent_082,agent_026
agent_082,agent_061
agent_082,agent_064
agent_082,agent_079
agent_082,agent_092
agent_083,agent_014
agent_083,agent_025
agent_083,agent_029
agent_083,agent_032
agent_083,agent_059
agent_083,agent_065
agent_083,agent_066
agent_083,agent_068
agent_083,agent_075
agent_083,agent_079
agent_083,agent_090
agent_083,agent_091
agent_084,agent_032
agent_084,agent_034
agent_084,agent_042
agent_084,agent_047
agent_084,agent_053
agent_084,agent_067
agent_084,agent_094
agent_084,agent_096
agent_084,agent_097
agent_085,agent_013
agent_085,agent_014
agent_085,agent_015
agent_085,agent_032
agent_085,agent_057
agent_085,agent_063
agent_085,agent_065
agent_085,agent_066
agent_086,NewsPage
agent_086,agent_004
agent_086,agent_009
agent_086,agent_011
agent_086,agent_025
agent_086,agent_026
agent_086,agent_028
agent_086,agent_044
agent_086,agent_052
agent_086,agent_056
agent_086,agent_061
agent_086,agent_077
agent_086,agent_087
agent_086,agent_098
agent_087,agent_025
agent_087,agent_045
agent_087,agent_046
agent_087,agent_049
agent_087,agent_053
agent_087,agent_061
agent_087,agent_066
agent_087,agent_074
agent_087,agent_088
agent_088,agent_003
agent_088,agent_019
agent_088,agent_023
agent_088,agent_024
agent_088,agent_028
agent_088,agent_032
agent_088,agent_036
agent_088,agent_047
agent_088,agent_051
agent_088,agent_054
agent_088,agent_059
agent_088,agent_090
agent_088,agent_093
agent_088,agent_098
agent_089,agent_010
agent_089,agent_036
agent_089,agent_039
agent_089,agent_053
agent_089,agent_057
agent_089,agent_085
agent_089,agent_099
agent_090,agent_001
agent_090,agent_002
agent_090,agent_014
agent_090,agent_017
agent_090,agent_023
agent_090,agent_029
agent_090,agent_041
agent_090,agent_046
agent_090,agent_051
agent_090,agent_055
agent_090,agent_056
agent_090,agent_063
agent_090,agent_064
agent_090,agent_072
agent_090,agent_084
agent_090,agent_094
agent_090,agent_097
agent_091,NewsPage
agent_091,agent_007
agent_091,agent_024
agent_091,agent_044
agent_091,agent_048
agent_091,agent_054
agent_091,agent_058
agent_091,agent_062
agent_091,agent_076
agent_091,agent_093
agent_091,agent_096
agent_092,agent_018
agent_092,agent_023
agent_092,agent_032
agent_092,agent_034
agent_092,agent_038
agent_092,agent_040
agent_092,agent_050
agent_092,agent_070
agent_092,agent_073
agent_092,agent_083
agent_092,agent_087
agent_092,agent_088
agent_092,agent_099
agent_093,agent_034
agent_093,agent_042
agent_093,agent_049
agent_093,agent_067
agent_093,agent_081
agent_093,agent_091
agent_094,agent_010
agent_094,agent_026
agent_094,agent_031
agent_094,agent_033
agent_094,agent_052
agent_094,agent_071
agent_094,agent_073
agent_094,agent_088
agent_094,agent_089
agent_095,agent_009
agent_095,agent_033
agent_095,agent_055
agent_095,agent_058
agent_095,agent_077
agent_095,agent_078
agent_095,agent_096
agent_095,agent_097
agent_096,agent_000
agent_096,agent_011
agent_096,agent_018
agent_096,agent_025
agent_096,agent_041
agent_096,agent_060
agent_096,agent_072
agent_096,agent_082
agent_097,agent_014
agent_097,agent_017
agent_097,agent_024
agent_097,agent_042
agent_097,agent_062
agent_097,agent_069
agent_097,agent_098
agent_098,agent_009
agent_098,agent_012
agent_098,agent_014
agent_098,agent_019
agent_098,agent_022
agent_098,agent_037
agent_098,agent_038
agent_098,agent_046
agent_098,agent_048
agent_098,agent_049
agent_098,agent_054
agent_098,agent_067
agent_098,agent_071
agent_098,agent_079
agent_098,agent_088
agent_098,agent_097
agent_099,agent_006
agent_099,agent_025
agent_099,agent_039
agent_099,agent_043
agent_099,agent_052
agent_099,agent_056
agent_099,agent_065
agent_099,agent_086
