NewsPage,agent_002
NewsPage,agent_012
NewsPage,agent_017
NewsPage,agent_026
NewsPage,agent_037
NewsPage,agent_041
NewsPage,agent_046
NewsPage,agent_059
NewsPage,agent_064
NewsPage,agent_072
NewsPage,agent_079
NewsPage,agent_080
NewsPage,agent_085
NewsPage,agent_095
agent_000,agent_001
agent_000,agent_007
agent_000,agent_008
agent_000,agent_010
agent_000,agent_019
agent_000,agent_031
agent_000,agent_037
agent_000,agent_039
agent_000,agent_040
agent_000,agent_071
agent_000,agent_079
agent_000,agent_085
agent_000,agent_094
agent_000,agent_095
agent_001,agent_011
agent_001,agent_014
agent_001,agent_020
agent_001,agent_028
agent_001,agent_030
agent_001,agent_031
agent_001,agent_039
agent_001,agent_045
agent_001,agent_082
agent_001,agent_086
agent_001,agent_090
agent_001,agent_092
agent_002,agent_007
agent_002,agent_026
agent_002,agent_027
agent_002,agent_062
agent_002,agent_068
agent_003,agent_019
agent_003,agent_020
agent_003,agent_025
agent_003,agent_037
agent_003,agent_038
agent_003,agent_047
agent_003,agent_054
agent_003,agent_063
agent_003,agent_065
agent_003,agent_075
agent_003,agent_083
agent_003,agent_092
agent_003,agent_096
agent_003,agent_098
agent_004,agent_023
agent_004,agent_028
agent_004,agent_035
agent_004,agent_042
agent_004,agent_051
agent_004,agent_052
agent_004,agent_084
agent_004,agent_089
agent_005,agent_001
agent_005,agent_008
agent_005,agent_015
agent_005,agent_028
agent_005,agent_054
agent_005,agent_055
agent_005,agent_070
agent_005,agent_071
agent_005,agent_088
agent_006,agent_002
agent_006,agent_009
agent_006,agent_025
agent_006,agent_041
agent_006,agent_067
agent_006,agent_081
agent_006,agent_084
agent_006,agent_093
agent_007,agent_048
agent_007,agent_053
agent_007,agent_065
agent_007,agent_082
agent_008,agent_007
agent_008,agent_020
agent_008,agent_023
agent_008,agent_049
agent_008,agent_052
agent_008,agent_054
agent_008,agent_064
agent_008,agent_070
agent_008,agent_078
agent_008,agent_080
agent_008,agent_083
agent_008,agent_085
agent_009,agent_006
agent_009,agent_007
agent_009,agent_024
agent_009,agent_027
agent_009,agent_030
agent_009,agent_036
agent_009,agent_050
agent_009,agent_081
agent_009,agent_096
agent_010,agent_014
agent_010,agent_048
agent_010,agent_049
agent_010,agent_058
agent_010,agent_066
agent_010,agent_068
agent_010,agent_072
agent_010,agent_078
agent_010,agent_095
agent_010,agent_098
agent_010,agent_099
agent_011,agent_005
agent_011,agent_007
agent_011,agent_013
agent_011,agent_014
agent_011,agent_018
agent_011,agent_026
agent_011,agent_039
agent_011,agent_047
agent_011,agent_056
agent_011,agent_060
agent_011,agent_067
agent_011,agent_076
agent_011,agent_078
agent_011,agent_084
agent_011,agent_094
agent_011,agent_098
agent_012,agent_051
agent_012,agent_064
agent_012,agent_069
agent_012,agent_076
agent_012,agent_088
agent_013,agent_021
agent_013,agent_030
agent_013,agent_050
agent_013,agent_070
agent_013,agent_072
agent_013,agent_082
agent_013,agent_083
agent_013,agent_099
agent_014,agent_024
agent_014,agent_035
agent_014,agent_055
agent_014,agent_062
agent_014,agent_069
agent_014,agent_082
agent_014,agent_083
agent_014,agent_089
agent_015,agent_008
agent_015,agent_013
agent_015,agent_020
agent_015,agent_033
agent_015,agent_042
agent_015,agent_051
agent_015,agent_064
agent_015,agent_083
agent_015,agent_084
agent_015,agent_086
agent_015,agent_087
agent_015,agent_094
agent_016,agent_006
agent_016,agent_010
agent_016,agent_011
agent_016,agent_033
agent_016,agent_036
agent_016,agent_039
agent_016,agent_051
agent_016,agent_067
agent_016,agent_075
agent_016,agent_081
agent_016,agent_094
agent_017,agent_000
agent_017,agent_008
agent_017,agent_011
agent_017,agent_019
agent_017,agent_020
agent_017,agent_023
agent_017,agent_035
agent_017,agent_053
agent_017,agent_056
agent_017,agent_063
agent_017,agent_071
agent_017,agent_082
agent_017,agent_083
agent_017,agent_090
agent_017,agent_096
agent_018,agent_002
agent_018,agent_008
agent_018,agent_031
agent_018,agent_042
agent_018,agent_055
agent_018,agent_066
agent_018,agent_070
agent_018,agent_078
agent_019,agent_012
agent_019,agent_026
agent_019,agent_033
agent_019,agent_036
agent_019,agent_050
agent_019,agent_055
agent_019,agent_061
agent_019,agent_065
agent_019,agent_079
agent_019,agent_089
agent_019,agent_092
agent_019,agent_098
agent_020,agent_007
agent_020,agent_010
agent_020,agent_025
agent_020,agent_049
agent_020,agent_075
agent_020,agent_080
agent_020,agent_087
agent_020,agent_093
agent_021,agent_015
agent_021,agent_029
agent_021,agent_050
agent_021,agent_053
agent_021,agent_057
agent_021,agent_080
agent_022,agent_001
agent_022,agent_016
agent_022,agent_025
agent_022,agent_038
agent_022,agent_044
agent_022,agent_059
agent_022,agent_066
agent_022,agent_072
agent_022,agent_075
agent_023,agent_010
agent_023,agent_014
agent_023,agent_018
agent_023,agent_047
agent_023,agent_052
agent_023,agent_058
agent_023,agent_067
agent_023,agent_069
agent_023,agent_074
agent_023,agent_076
agent_023,agent_084
agent_023,agent_097
agent_024,agent_006
agent_024,agent_014
agent_024,agent_028
agent_024,agent_037
agent_024,agent_043
agent_024,agent_047
agent_024,agent_063
agent_024,agent_064
agent_024,agent_073
agent_024,agent_090
agent_025,agent_014
agent_025,agent_070
agent_025,agent_082
agent_026,agent_000
agent_026,agent_032
agent_026,agent_043
agent_026,agent_047
agent_026,agent_058
agent_026,agent_077
agent_026,agent_085
agent_026,agent_086
agent_027,agent_001
agent_027,agent_002
agent_027,agent_011
agent_027,agent_019
agent_027,agent_024
agent_027,agent_047
agent_027,agent_071
agent_027,agent_072
agent_027,agent_090
agent_028,agent_010
agent_028,agent_011
agent_028,agent_012
agent_028,agent_014
agent_028,agent_050
agent_028,agent_052
agent_028,agent_058
agent_028,agent_084
agent_028,agent_099
agent_029,NewsPage
agent_029,agent_003
agent_029,agent_005
agent_029,agent_011
agent_029,agent_015
agent_029,agent_040
agent_029,agent_043
agent_029,agent_056
agent_029,agent_066
agent_029,agent_079
agent_030,agent_016
agent_030,agent_017
agent_030,agent_021
agent_030,agent_023
agent_030,agent_024
agent_030,agent_040
agent_030,agent_045
agent_030,agent_047
agent_030,agent_056
agent_030,agent_057
agent_030,agent_071
agent_030,agent_088
agent_030,agent_090
agent_030,agent_098
agent_031,agent_000
agent_031,agent_003
agent_031,agent_028
agent_031,agent_042
agent_031,agent_054
agent_031,agent_075
agent_031,agent_096
agent_032,agent_005
agent_032,agent_029
agent_032,agent_045
agent_032,agent_050
agent_032,agent_053
agent_032,agent_056
agent_032,agent_059
agent_032,agent_070
agent_032,agent_096
agent_033,agent_000
agent_033,agent_004
agent_033,agent_008
agent_033,agent_037
agent_033,agent_038
agent_033,agent_057
agent_033,agent_059
agent_033,agent_071
agent_033,agent_081
agent_033,agent_097
agent_033,agent_098
agent_034,agent_002
agent_034,agent_004
agent_034,agent_009
agent_034,agent_038
agent_034,agent_043
agent_034,agent_047
agent_034,agent_063
agent_034,agent_069
agent_034,agent_078
agent_034,agent_083
agent_034,agent_085
agent_034,agent_093
agent_034,agent_094
agent_034,agent_098
agent_035,agent_047
agent_035,agent_055
agent_035,agent_062
agent_035,agent_077
agent_035,agent_078
agent_035,agent_088
agent_035,agent_092
agent_035,agent_097
agent_036,agent_006
agent_036,agent_008
agent_036,agent_010
agent_036,agent_022
agent_036,agent_026
agent_036,agent_032
agent_036,agent_040
agent_036,agent_047
agent_036,agent_052
agent_036,agent_056
agent_036,agent_066
agent_036,agent_069
agent_036,agent_074
agent_036,agent_076
agent_036,agent_082
agent_036,agent_088
agent_036,agent_096
agent_037,agent_012
agent_037,agent_018
agent_037,agent_082
agent_037,agent_084
agent_037,agent_090
agent_037,agent_099
agent_038,agent_011
agent_038,agent_019
agent_038,agent_027
agent_038,agent_083
agent_038,agent_089
agent_038,agent_096
agent_038,agent_099
agent_039,agent_004
agent_039,agent_016
agent_039,agent_020
agent_039,agent_055
agent_039,agent_056
agent_039,agent_066
agent_039,agent_073
agent_039,agent_078
agent_040,agent_005
agent_040,agent_016
agent_040,agent_029
agent_040,agent_048
agent_040,agent_052
agent_040,agent_054
agent_040,agent_069
agent_040,agent_079
agent_040,agent_087
agent_041,agent_021
agent_041,agent_052
agent_041,agent_062
agent_041,agent_069
agent_041,agent_074
agent_041,agent_090
agent_041,agent_091
agent_041,agent_098
agent_042,agent_020
agent_042,agent_021
agent_042,agent_026
agent_042,agent_060
agent_042,agent_062
agent_042,agent_066
agent_042,agent_070
agent_042,agent_081
agent_042,agent_086
agent_042,agent_089
agent_042,agent_094
agent_043,agent_000
agent_043,agent_013
agent_043,agent_040
agent_043,agent_047
agent_043,agent_056
agent_043,agent_070
agent_043,agent_071
agent_043,agent_077
agent_043,agent_078
agent_044,agent_004
agent_044,agent_008
agent_044,agent_024
agent_044,agent_046
agent_044,agent_057
agent_044,agent_060
agent_044,agent_065
agent_044,agent_072
agent_044,agent_080
agent_044,agent_087
agent_044,agent_088
agent_044,agent_090
agent_045,NewsPage
agent_045,agent_004
agent_045,agent_008
agent_045,agent_040
agent_045,agent_041
agent_045,agent_046
agent_045,agent_048
agent_045,agent_050
agent_045,agent_063
agent_045,agent_070
agent_045,agent_074
agent_045,agent_089
agent_045,agent_096
agent_046,agent_011
agent_046,agent_030
agent_046,agent_044
agent_046,agent_061
agent_046,agent_063
agent_046,agent_066
agent_046,agent_074
agent_046,agent_080
agent_046,agent_086
agent_046,agent_096
agent_046,agent_099
agent_047,agent_005
agent_047,agent_008
agent_047,agent_018
agent_047,agent_035
agent_047,agent_050
agent_047,agent_053
agent_047,agent_072
agent_047,agent_093
agent_048,agent_005
agent_048,agent_011
agent_048,agent_024
agent_048,agent_047
agent_048,agent_049
agent_048,agent_055
agent_048,agent_059
agent_048,agent_075
agent_048,agent_087
agent_048,agent_092
agent_048,agent_095
agent_049,agent_005
agent_049,agent_011
agent_049,agent_012
agent_049,agent_026
agent_049,agent_039
agent_049,agent_055
agent_049,agent_064
agent_049,agent_067
agent_049,agent_086
agent_049,agent_098
agent_050,agent_005
agent_050,agent_008
agent_050,agent_011
agent_050,agent_015
agent_050,agent_018
agent_050,agent_027
agent_050,agent_037
agent_050,agent_039
agent_050,agent_046
agent_050,agent_068
agent_050,agent_080
agent_050,agent_090
agent_050,agent_097
agent_051,agent_022
agent_051,agent_023
agent_051,agent_024
agent_051,agent_031
agent_051,agent_032
agent_051,agent_044
agent_051,agent_052
agent_051,agent_076
agent_051,agent_077
agent_051,agent_081
agent_051,agent_084
agent_051,agent_093
agent_051,agent_096
agent_052,agent_024
agent_052,agent_029
agent_052,agent_031
agent_052,agent_033
agent_052,agent_049
agent_052,agent_074
agent_052,agent_090
agent_053,NewsPage
agent_053,agent_001
agent_053,agent_008
agent_053,agent_048
agent_053,agent_071
agent_053,agent_081
agent_053,agent_099
agent_054,NewsPage
agent_054,agent_007
agent_054,agent_042
agent_054,agent_075
agent_054,agent_084
agent_054,agent_085
agent_054,agent_094
agent_055,agent_011
agent_055,agent_031
agent_055,agent_034
agent_055,agent_040
agent_055,agent_048
agent_055,agent_062
agent_055,agent_066
agent_055,agent_074
agent_055,agent_080
agent_055,agent_090
agent_055,agent_093
agent_055,agent_094
agent_056,agent_000
agent_056,agent_027
agent_056,agent_046
agent_056,agent_047
agent_056,agent_048
agent_056,agent_051
agent_056,agent_057
agent_056,agent_064
agent_056,agent_081
agent_056,agent_098
agent_057,NewsPage
agent_057,agent_012
agent_057,agent_023
agent_057,agent_024
agent_057,agent_044
agent_057,agent_052
agent_057,agent_086
agent_057,agent_087
agent_057,agent_093
agent_057,agent_094
agent_058,agent_001
agent_058,agent_019
agent_058,agent_029
agent_058,agent_041
agent_058,agent_057
agent_058,agent_060
agent_058,agent_063
agent_058,agent_067
agent_058,agent_072
agent_058,agent_084
agent_059,NewsPage
agent_059,agent_006
agent_059,agent_011
agent_059,agent_019
agent_059,agent_023
agent_059,agent_049
agent_059,agent_052
agent_059,agent_053
agent_059,agent_088
agent_059,agent_097
agent_060,agent_041
agent_060,agent_049
agent_060,agent_058
agent_060,agent_061
agent_060,agent_068
agent_060,agent_072
agent_060,agent_078
agent_060,agent_079
agent_060,agent_094
agent_061,agent_008
agent_061,agent_019
agent_061,agent_024
agent_061,agent_034
agent_061,agent_057
agent_061,agent_060
agent_061,agent_072
agent_061,agent_073
agent_061,agent_084
agent_061,agent_089
agent_061,agent_093
agent_062,agent_014
agent_062,agent_016
agent_062,agent_033
agent_062,agent_047
agent_062,agent_049
agent_062,agent_051
agent_062,agent_055
agent_062,agent_060
agent_062,agent_071
agent_062,agent_080
agent_062,agent_081
agent_062,agent_082
agent_062,agent_085
agent_062,agent_091
agent_062,agent_096
agent_063,agent_000
agent_063,agent_013
agent_063,agent_024
agent_063,agent_036
agent_063,agent_039
agent_063,agent_061
agent_063,agent_064
agent_063,agent_077
agent_063,agent_078
agent_063,agent_084
agent_063,agent_085
agent_063,agent_093
agent_063,agent_096
agent_064,agent_010
agent_064,agent_020
agent_064,agent_026
agent_064,agent_033
agent_064,agent_036
agent_064,agent_052
agent_064,agent_065
agent_064,agent_081
agent_064,agent_087
agent_064,agent_088
agent_064,agent_089
agent_065,agent_002
agent_065,agent_035
agent_065,agent_045
agent_065,agent_064
agent_065,agent_068
agent_065,agent_072
agent_065,agent_077
agent_065,agent_078
agent_065,agent_087
agent_066,agent_000
agent_066,agent_002
agent_066,agent_042
agent_066,agent_050
agent_066,agent_057
agent_066,agent_063
agent_066,agent_072
agent_066,agent_077
agent_066,agent_083
agent_066,agent_094
agent_066,agent_095
agent_067,agent_000
agent_067,agent_028
agent_067,agent_032
agent_067,agent_071
agent_067,agent_076
agent_067,agent_089
agent_068,agent_002
agent_068,agent_004
agent_068,agent_009
agent_068,agent_014
agent_068,agent_026
agent_068,agent_036
agent_068,agent_049
agent_068,agent_054
agent_068,agent_066
agent_068,agent_084
agent_068,agent_097
agent_069,agent_016
agent_069,agent_027
agent_069,agent_028
agent_069,agent_042
agent_069,agent_060
agent_069,agent_062
agent_069,agent_065
agent_069,agent_067
agent_069,agent_083
agent_070,agent_005
agent_070,agent_007
agent_070,agent_014
agent_070,agent_043
agent_070,agent_058
agent_070,agent_076
agent_070,agent_077
agent_070,agent_086
agent_070,agent_087
agent_071,agent_028
agent_071,agent_064
agent_071,agent_075
agent_071,agent_078
agent_071,agent_085
agent_072,agent_001
agent_072,agent_005
agent_072,agent_016
agent_072,agent_017
agent_072,agent_022
agent_072,agent_046
agent_072,agent_053
agent_072,agent_067
agent_072,agent_080
agent_072,agent_085
agent_072,agent_090
agent_073,agent_002
agent_073,agent_004
agent_073,agent_008
agent_073,agent_015
agent_073,agent_043
agent_073,agent_049
agent_073,agent_070
agent_073,agent_071
agent_073,agent_076
agent_074,agent_009
agent_074,agent_032
agent_074,agent_040
agent_074,agent_046
agent_074,agent_069
agent_074,agent_092
agent_075,agent_024
agent_075,agent_029
agent_075,agent_030
agent_075,agent_045
agent_075,agent_046
agent_075,agent_047
agent_075,agent_057
agent_075,agent_058
agent_075,agent_081
agent_075,agent_088
agent_076,NewsPage
agent_076,agent_003
agent_076,agent_007
agent_076,agent_036
agent_076,agent_038
agent_076,agent_048
agent_076,agent_052
agent_076,agent_059
agent_076,agent_089
agent_076,agent_097
agent_077,agent_001
agent_077,agent_002
agent_077,agent_012
agent_077,agent_016
agent_077,agent_018
agent_077,agent_021
agent_077,agent_035
agent_077,agent_046
agent_077,agent_083
agent_077,agent_084
agent_077,agent_093
agent_077,agent_097
agent_078,agent_022
agent_078,agent_024
agent_078,agent_028
agent_078,agent_040
agent_078,agent_045
agent_078,agent_050
agent_078,agent_053
agent_078,agent_055
agent_078,agent_056
agent_078,agent_072
agent_078,agent_075
agent_079,agent_007
agent_079,agent_010
agent_079,agent_013
agent_079,agent_019
agent_079,agent_025
agent_079,agent_028
agent_079,agent_037
agent_079,agent_051
agent_079,agent_074
agent_079,agent_085
agent_079,agent_086
agent_079,agent_092
agent_080,agent_002
agent_080,agent_022
agent_080,agent_027
agent_080,agent_030
agent_080,agent_035
agent_080,agent_048
agent_080,agent_053
agent_080,agent_060
agent_080,agent_066
agent_080,agent_067
agent_080,agent_076
agent_080,agent_091
agent_080,agent_094
agent_081,agent_010
agent_081,agent_016
agent_081,agent_027
agent_081,agent_029
agent_081,agent_064
agent_081,agent_067
agent_081,agent_083
agent_081,agent_095
agent_082,agent_017
agent_082,agent_028
agent_082,agent_032
agent_082,agent_035
agent_082,agent_062
agent_082,agent_068
agent_082,agent_069
agent_082,agent_071
agent_082,agent_078
agent_082,agent_083
agent_082,agent_093
agent_082,agent_094
agent_083,agent_035
agent_083,agent_037
agent_083,agent_045
agent_083,agent_050
agent_083,agent_056
agent_083,agent_070
agent_083,agent_097
agent_083,agent_099
agent_084,NewsPage
agent_084,agent_016
agent_084,agent_017
agent_084,agent_018
agent_084,agent_035
agent_084,agent_060
agent_084,agent_066
agent_084,agent_068
agent_084,agent_069
agent_085,agent_002
agent_085,agent_007
agent_085,agent_012
agent_085,agent_014
agent_085,agent_028
agent_085,agent_029
agent_085,agent_031
agent_085,agent_047
agent_085,agent_055
agent_085,agent_059
agent_085,agent_064
agent_085,agent_080
agent_085,agent_090
agent_086,agent_000
agent_086,agent_028
agent_086,agent_048
agent_086,agent_049
agent_086,agent_052
agent_086,agent_056
agent_086,agent_064
agent_086,agent_069
agent_086,agent_077
agent_086,agent_091
agent_087,agent_006
agent_087,agent_022
agent_087,agent_026
agent_087,agent_027
agent_087,agent_031
agent_087,agent_035
agent_087,agent_039
agent_087,agent_050
agent_087,agent_054
agent_087,agent_057
agent_087,agent_062
agent_087,agent_093
agent_087,agent_096
agent_088,agent_000
agent_088,agent_013
agent_088,agent_039
agent_088,agent_042
agent_088,agent_056
agent_088,agent_060
agent_088,agent_089
agent_089,agent_001
agent_089,agent_004
agent_089,agent_005
agent_089,agent_017
agent_089,agent_020
agent_089,agent_026
agent_089,agent_032
agent_089,agent_044
agent_089,agent_049
agent_089,agent_054
agent_089,agent_058
agent_089,agent_059
agent_089,agent_066
agent_089,agent_067
agent_089,agent_075
agent_089,agent_087
agent_089,agent_097
agent_090,NewsPage
agent_090,agent_002
agent_090,agent_010
agent_090,agent_027
agent_090,agent_047
agent_090,agent_051
agent_090,agent_057
agent_090,agent_061
agent_090,agent_065
agent_090,agent_079
agent_090,agent_096
agent_090,agent_099
agent_091,agent_021
agent_091,agent_026
agent_091,agent_035
agent_091,agent_037
agent_091,agent_041
agent_091,agent_043
agent_091,agent_053
agent_091,agent_073
agent_091,agent_076
agent_091,agent_086
agent_091,agent_090
agent_091,agent_092
agent_092,agent_001
agent_092,agent_037
agent_092,agent_045
agent_092,agent_052
agent_092,agent_070
agent_092,agent_084
agent_092,agent_095
agent_093,agent_013
agent_093,agent_029
agent_093,agent_034
agent_093,agent_036
agent_093,agent_055
agent_093,agent_074
agent_093,agent_076
agent_093,agent_091
agent_093,agent_092
agent_094,agent_012
agent_094,agent_036
agent_094,agent_058
agent_094,agent_061
agent_094,agent_080
agent_094,agent_081
agent_094,agent_099
agent_095,NewsPage
agent_095,agent_003
agent_095,agent_014
agent_095,agent_021
agent_095,agent_028
agent_095,agent_044
agent_095,agent_063
agent_095,agent_075
agent_095,agent_085
agent_096,agent_017
agent_096,agent_020
agent_096,agent_027
agent_096,agent_045
agent_096,agent_065
agent_096,agent_072
agent_097,agent_000
agent_097,agent_012
agent_097,agent_015
agent_097,agent_017
agent_097,agent_022
agent_097,agent_025
agent_097,agent_040
agent_097,agent_041
agent_097,agent_049
agent_097,agent_051
agent_097,agent_052
agent_097,agent_057
agent_097,agent_070
agent_097,agent_074
agent_097,agent_082
agent_097,agent_091
agent_098,agent_000
agent_098,agent_009
agent_098,agent_028
agent_098,agent_042
agent_098,agent_046
agent_098,agent_055
agent_098,agent_059
agent_098,agent_068
agent_098,agent_089
agent_099,agent_007
agent_099,agent_011
agent_099,agent_014
agent_099,agent_029
agent_099,agent_039
agent_099,agent_063
agent_099,agent_070
agent_099,agent_075
